{"loss": [1.7265057563781738, 0.6965993642807007, 0.6932129263877869, 0.6931833028793335, 0.6931664347648621, 0.6931825280189514, 0.6931689381599426, 0.693168044090271, 0.693169116973877, 0.6931623220443726], "accuracy": [0.5084848403930664, 0.503309965133667, 0.49861353635787964, 0.49905291199684143, 0.49969732761383057, 0.4980276823043823, 0.5010740160942078, 0.49957039952278137, 0.49923840165138245, 0.5000585913658142], "val_loss": [0.7314477562904358, 0.6931498646736145, 0.693151593208313, 0.6931663751602173, 0.6931517720222473, 0.6931474208831787, 0.6931635141372681, 0.6931697130203247, 0.6931484937667847, 0.6931481957435608], "val_accuracy": [0.4833333194255829, 0.5, 0.5, 0.49960875511169434, 0.5, 0.5, 0.5, 0.5, 0.5, 0.5]}