{"accuracy": [0.6177666666666667, 0.6569333333333334, 0.6949333333333333, 0.7016333333333333, 0.7162, 0.7316666666666667, 0.7364333333333334, 0.7447, 0.7538, 0.762], "val_accuracy": [0.5578333333333333, 0.6573333333333333, 0.6925, 0.7223333333333334, 0.7235, 0.6458333333333334, 0.6178333333333333, 0.7453333333333333, 0.7391666666666666, 0.7591666666666667], "loss": [0.6961822127228352, 0.622347498626343, 0.5837223776367936, 0.5721875212467047, 0.555183783967866, 0.5336715925985308, 0.5314610750436275, 0.514864642673464, 0.5035254845359941, 0.49214138347965314], "val_loss": [0.7287014932074445, 0.6192203043623173, 0.5799230698575365, 0.5524238436780078, 0.5535676739317306, 0.627897764774079, 0.708154873328006, 0.5213050255750088, 0.5300760636938379, 0.5002441013112982]}