{"accuracy": [0.5026208503203261, 0.5037856726849156, 0.5096097845078625, 0.5512521840419337, 0.5128130460104834, 0.5428072218986605, 0.5372743156668608, 0.5404775771694816, 0.5168899242865463, 0.5463016889924287], "val_accuracy": [0.4588859416445623, 0.4588859416445623, 0.4588859416445623, 0.5411140583554377, 0.5278514588859416, 0.44297082228116713, 0.4244031830238727, 0.5411140583554377, 0.4244031830238727, 0.4217506631299735], "loss": [3.1036895977126226, 0.7282081246376038, 0.732835348005648, 0.6876185823369909, 0.7137294941478305, 0.6962207842756201, 0.6968866895746302, 0.6890265455952397, 0.7061610221862793, 0.6815505182301557], "val_loss": [0.7325835426648458, 0.7669476668039957, 0.7640892068545023, 0.7147582372029623, 0.7030481100082397, 0.7099087635676066, 0.7224175333976746, 0.7261142333348592, 0.7115916212399801, 0.7222893635431925]}