{"accuracy": [0.9418, 0.98496, 0.98975, 0.9928, 0.9949, 0.99695, 0.99793, 0.9989, 0.99931, 0.99954], "val_accuracy": [0.98625, 0.99315, 0.96765, 0.9934, 0.99425, 0.9952, 0.99825, 0.9984, 0.9992, 0.99925], "loss": [0.13927144146484446, 0.0419564387508637, 0.027399535332159906, 0.0194423855717341, 0.014548633088501794, 0.009015103288473538, 0.006046392198615803, 0.003096920660254473, 0.001937291660007156, 0.0013814554176569893], "val_loss": [0.04023068878589906, 0.018530777299229185, 0.0943360634345548, 0.017333491722885414, 0.016834039533078524, 0.013823422801085025, 0.005978163420087176, 0.005211328029323491, 0.0031118177931608797, 0.003070925945273677]}