{"loss": [0.6945385336875916, 0.6935593485832214, 0.6929104924201965, 0.6930786371231079, 0.6926530003547668, 0.6924565434455872, 0.6918905973434448, 0.689842164516449], "accuracy": [0.501155436038971, 0.5015459656715393, 0.5009275674819946, 0.5030756592750549, 0.4999837279319763, 0.5051586627960205, 0.5052562952041626, 0.5169405937194824], "val_loss": [0.693561315536499, 0.6932297348976135, 0.693157970905304, 0.693081796169281, 0.6933301091194153, 0.6936137676239014, 0.7072828412055969, 0.7249118685722351], "val_accuracy": [0.5112154483795166, 0.47183099389076233, 0.484089732170105, 0.5073030591011047, 0.48565468192100525, 0.4796557128429413, 0.4895670413970947, 0.4334898293018341]}