{"accuracy": [0.6357, 0.7031666666666667, 0.7264666666666667, 0.7461, 0.7681666666666667, 0.7786666666666666, 0.7908666666666667, 0.7973333333333333, 0.8095333333333333, 0.8163666666666667], "val_accuracy": [0.7001666666666667, 0.724, 0.7516666666666667, 0.7708333333333334, 0.7868333333333334, 0.7966666666666666, 0.808, 0.8126666666666666, 0.8193333333333334, 0.8081666666666667], "loss": [0.6354689193941129, 0.5764019471495899, 0.5464491883574772, 0.517832487503857, 0.48749872597295846, 0.4721110981029234, 0.45410202084573853, 0.4390794408600976, 0.4185450709959083, 0.4059319113299791], "val_loss": [0.5725486475102445, 0.5410239414331761, 0.4986044894507591, 0.4807787908518568, 0.444028118189345, 0.43481748028004424, 0.42110809842322733, 0.40975125007172847, 0.4096341294811127, 0.4127344920280132]}