{
  "train_acc": [
    0.6025666666666667,
    0.6949,
    0.7303,
    0.7505,
    0.7658333333333334,
    0.776,
    0.7847333333333333,
    0.7964666666666667,
    0.8034,
    0.8107666666666666
  ],
  "val_acc": [
    0.6953333333333334,
    0.7315,
    0.746,
    0.7595,
    0.7823333333333333,
    0.8068333333333333,
    0.8071666666666667,
    0.8035,
    0.8325,
    0.8326666666666667
  ],
  "train_loss": [
    0.6577895652891984,
    0.5856701928034012,
    0.543005052882471,
    0.5142535559340581,
    0.49067160398212833,
    0.4738855211973699,
    0.4591566860389862,
    0.4455476298864716,
    0.4318655952175797,
    0.42084585961057686
  ],
  "val_loss": [
    0.5850227747825866,
    0.5342084012450056,
    0.5036268762134491,
    0.4931749953551495,
    0.45928342481876944,
    0.4321061673950642,
    0.4305008738598925,
    0.42831047402417405,
    0.38800993767824576,
    0.38574900684204505
  ]
}