{"accuracy": [0.5034944670937682, 0.5145602795573675, 0.5128130460104834, 0.5154338963308096, 0.516598718695399, 0.5183459522422831, 0.5183459522422831, 0.5163075131042516, 0.5104834012813046, 0.5192195690157251], "val_accuracy": [0.5039787798408488, 0.5013262599469496, 0.4986737400530504, 0.4986737400530504, 0.4880636604774536, 0.4854111405835544, 0.4986737400530504, 0.46684350132625996, 0.4854111405835544, 0.46419098143236076], "loss": [0.7004963821834989, 0.6919146687896164, 0.6901862334322046, 0.6902352549411632, 0.6887640092107985, 0.6883719982924285, 0.6904625848487571, 0.6889194448788961, 0.6888343139931008, 0.6880774211000513], "val_loss": [0.6931555867195129, 0.6976543267567953, 0.7002435127894083, 0.6995650132497152, 0.6993583639462789, 0.7028911312421163, 0.7026466329892477, 0.7121721108754476, 0.6979031165440878, 0.7049893339474996]}