{"accuracy": [0.8427672955974843, 0.943046820405311, 0.9709119496855346, 0.982879105520615, 0.9890810621942697, 0.9930118798043326, 0.9952830188679245, 0.995020964360587, 0.9969426974143956, 0.9981656184486373], "val_accuracy": [0.5330151153540175, 0.5998408910103421, 0.7931583134447097, 0.6778042959427207, 0.7422434367541766, 0.7605409705648369, 0.8241845664280032, 0.8217979315831344, 0.8058870326173428, 0.8154335719968179], "loss": [0.3204639180662246, 0.13371190816871614, 0.07184903433692105, 0.04575756333076379, 0.03008636310839682, 0.02076108704481076, 0.013516709439368012, 0.014509772864956014, 0.008385299904630961, 0.00598235226151086], "val_loss": [0.8173946000635623, 0.7230250008404255, 0.47772386521100996, 0.6937682529911399, 0.7200721235945821, 0.6820071533322334, 0.5423670779913664, 0.5731929987668991, 0.5993454985320568, 0.5736670082435011]}